<?xml version="1.0" encoding="UTF-8"?>
<project-private xmlns="http://www.netbeans.org/ns/project-private/1">
    <editor-bookmarks xmlns="http://www.netbeans.org/ns/editor-bookmarks/2" lastBookmarkId="0"/>
    <open-files xmlns="http://www.netbeans.org/ns/projectui-open-files/2">
        <group>
            <file>file:/D:/ICD/Lectures/OOP/Day%2003%20-%20Data%20Structure%20and%20Algrithem/Course%20work/BurgerShop/src/BurgerShop/PlaceOrderForm.java</file>
            <file>file:/D:/ICD/Lectures/OOP/Day%2003%20-%20Data%20Structure%20and%20Algrithem/Course%20work/BurgerShop/src/BurgerShop/HomePage.java</file>
        </group>
    </open-files>
</project-private>
